{
  "eye": {
    "orientation": [
      -0.009852941147983074,
      0.22105705738067627,
      -0.09382634609937668,
      0.9706870317459106
    ],
    "magnitude": 0.5773502588272095,
    "position": [
      23.297752380371094,
      -1.0435428619384766,
      49.103580474853516
    ]
  },
  "paths": [],
  "ortho": false,
  "radius": 100,
  "visualHints": 3
}