{
  "eye": {
    "orientation": [
      -0.6891730427742004,
      0.4956555664539337,
      -0.527747392654419,
      -0.029133392497897148
    ],
    "magnitude": 0.5773502588272095,
    "position": [
      55.10353088378906,
      -44.30950927734375,
      -34.92247009277344
    ]
  },
  "paths": [],
  "ortho": false,
  "radius": 100,
  "visualHints": 3
}